Number,Iterative,Rcursive,Memory,Logarithmic
0,-3.4028235E+38,5.000001E-05,9.770001E-05,-3.4028235E+38
1,1E-11,1E-11,1.0001E-07,2.340001E-05
2,1.0001E-07,1.0001E-07,1E-11,2.0001E-07
3,2.0001E-07,1.0001E-07,0.00012000001,6.20001E-06
4,1E-11,1.0001E-07,1.70001E-06,3.0001E-07
5,1.0001E-07,2.0001E-07,0.0004405,8.0001E-07
6,1.0001E-07,2.0001E-07,0.000697,8.0001E-07
7,1.0001E-07,3.0001E-07,2.60001E-06,4.0001E-07
